{"Adventurer Gear":300,"Amethyst Node":301,"Aquamarine Node":302,"Backpack":303,"Beautiful Flower":304,"Big Bush L":305,"Big Bush R":306,"Big Crop (stage 1)":307,"Big Crop (stage 2)":308,"Big Crop (stage 3)":312,"Big Foliage":313,"Bone Node 1":314,"Bone Node 2":315,"Bushy Crop (stage 1)":316,"Bushy Crop (stage 2)":317,"Bushy Crop (stage 3)":318,"Cinder Shard Node 1":319,"Cinder Shard Node 2":320,"Clay Node":321,"Coal Box":322,"Copper Node":323,"Corn Crop (stage 1)":324,"Corn Crop (stage 2)":325,"Corn Crop (stage 3)":327,"Curly Foliage":328,"Danger Sign":329,"Diamond Node":330,"Dwarf Chest":331,"Dwarf Cushion":332,"Dwarf Table":333,"Emerald Node":334,"Empty Pot":335,"Fancy Iron Lamp-post":336,"Fancy Wood Lamp-post":337,"Flower Bushel 1":338,"Flower Bushel 2":339,"Flower Bushel 3":341,"Flower Bushel 4":342,"Flower Bushel 5":343,"Flower Bushel 6":344,"Foliage":345,"Frozen Geode Node":346,"Frozen Stone 1":347,"Frozen Stone 2":348,"Frozen Stone 3":349,"Frozen Stone 4":350,"Gem Node":351,"Geode Node":352,"Gold Node":353,"Golden Piggy Bank":354,"Golden Skull Lamp-post":355,"Ice Crystal 1":356,"Ice Crystal 2":357,"Ice Crystal 3":358,"Iridium Node":359,"Iridium Skull Lamp-post":360,"Iron Node":361,"Jade Node":362,"Jagged Boulder L":363,"Jagged Boulder R":364,"Large Wood Barrel L":365,"Large Wood Barrel R":366,"Leafy Crop (stage 1)":367,"Leafy Crop (stage 2)":368,"Leafy Crop (stage 3)":369,"Little Machine":370,"Little Shrub":371,"Log Pile":372,"Magma Geode Node":373,"Magma Stone 1":374,"Magma Stone 2":375,"Meteorite L":376,"Meteorite R":377,"Moving Box":378,"Mystic Node":379,"Omni Geode Node":380,"Ordinary Mushroom":381,"Potted Plant":382,"Pretty Flower":383,"Radioactive Node":384,"Ruby Node":385,"Shrub":386,"Sign of Yoba":387,"Small Barrel":388,"Small Foliage":389,"Small Opened Barrel":390,"Smooth Boulder L":391,"Smooth Boulder R":392,"Special Crop (stage 1)":393,"Special Crop (stage 2)":394,"Special Crop (stage 3)":395,"Statue Of Treasure":396,"Stone 1":397,"Stone 2":398,"Stone 3":399,"Stone 4":400,"Stone 5":401,"Stone 6":402,"Tall Mushroom":403,"Tied Log Pile":404,"Tiny Crop (stage 1)":405,"Tiny Crop (stage 2)":406,"Tiny Crop (stage 3)":407,"Topaz Node":408,"Tree Stump":409,"Trellis Crop (stage 1)":410,"Trellis Crop (stage 2)":411,"Trellis Crop (stage 3)":412,"Trimmed Berry Bush L":413,"Trimmed Berry Bush R":414,"Trimmed Bush L":415,"Trimmed Bush R":416,"Volcanic Copper Node":417,"Volcanic Iron Node":418,"Volcanic Stone 1":419,"Volcanic Stone 2":420,"Volcanic Stone 3":421,"Wild Berry Bush L":422,"Wild Berry Bush R":423,"Wild Bush L":424,"Wild Bush R":425,"Wood Barrel":426,"Wood Crate":427}