{"Aegis Elixir":3000,"Aged Blue Moon Wine":3001,"Ancient Ferns Seed":3002,"Ancient Fiber":3003,"Armor Elixir":3004,"Aurora Vineyard Property Deed":3005,"Baby Lunaloo":3006,"Baked Berry Oatmeal":3007,"Barbarian Elixir":3008,"Bearberrys":3009,"Big Bark Burger":3010,"Big Conch":3011,"Blue Moon Wine":3012,"Bonefish":3013,"Bull Trout":3014,"Butterfish":3015,"Clownfish":3016,"Daggerfish":3017,"Dewdrop Berry":3018,"Dried Sand Dollar":3019,"Dulse Seaweed":3020,"Ferngill Primrose":3021,"Flower Cookie":3022,"Frog":3023,"Frog Legs":3024,"Fungus Seed":3025,"Galdoran Gem":3026,"Gemfish":3027,"Glazed Butterfish":3028,"Golden Key":3029,"Golden Ocean Flower":3030,"Goldenfish":3031,"Goldenrod":3032,"Grampleton Orange Chicken":3033,"Grass Carp":3034,"Gravity Elixir":3035,"Green Mushroom":3036,"Haste Elixir":3037,"Hero Elixir":3038,"Joja Berry":3039,"Joja Berry Starter":3040,"Joja Veggie":3041,"Joja Veggie Seeds":3042,"King Salmon":3043,"Kittyfish":3044,"Lance's Schedule":3045,"Lightning Elixir":3046,"Lucky Four Leaf Clover":3047,"Lunaloo":3048,"Mermaid's Bracelet":3049,"Meteor Carp":3050,"Minnow":3051,"Mixed Berry Pie":3052,"Monster Fruit":3053,"Monster Mushroom":3054,"Mushroom Berry Rice":3055,"Mushroom Colony":3056,"Ornate Treasure Chest":3057,"Poison Mushroom":3058,"Property Deed":3059,"Puppyfish":3060,"Radioactive Bass":3061,"Razor Trout":3062,"Red Baneberry":3063,"Rusty Blade":3064,"Salal Berry":3065,"Sea Sponge":3066,"Seahorse":3067,"Seaweed Salad":3068,"Shiny Lunaloo":3069,"Shrub Seed":3070,"Slime Berry":3071,"Slime Seed":3072,"Smelly Rafflesia":3073,"Snatcher Worm":3074,"Sports Drink":3075,"Stalk Seed":3076,"Stamina Capsule":3077,"Starfish":3078,"Super Joja Cola":3079,"Super Starfruit":3080,"Swirl Stone":3081,"Thistle":3082,"Torpedo Trout":3083,"Undeadfish":3084,"Void Delight":3085,"Void Eel":3086,"Void Pebble":3087,"Void Root":3088,"Void Salmon Sushi":3089,"Void Seed":3090,"Void Shard":3091,"Void Soul":3092,"Water Grub":3093,"Winter Star Rose":3094}