[{"Key":"/1/1/1/0/17/3","Value":"<Furniture xsi:type=\"Mods_DGABasicFurniture\" xmlns:xsi=\"http://www.w3.org/2001/XMLSchema-instance\"><isLostItem>false</isLostItem><category>0</category><hasBeenInInventory>true</hasBeenInInventory><name>nanz.DGASprinklers/QualityLineSprinkler</name><specialItem>false</specialItem><SpecialVariable>0</SpecialVariable><DisplayName>Quality Line Sprinkler</DisplayName><Name>nanz.DGASprinklers/QualityLineSprinkler</Name><Stack>1</Stack><tileLocation><X>64</X><Y>42</Y></tileLocation><owner>5667113194546688878</owner><canBeSetDown>false</canBeSetDown><canBeGrabbed>true</canBeGrabbed><isHoedirt>false</isHoedirt><isSpawnedObject>false</isSpawnedObject><questItem>false</questItem><questId>0</questId><isOn>false</isOn><fragility>0</fragility><price>0</price><edibility>-300</edibility><stack>1</stack><quality>0</quality><bigCraftable>false</bigCraftable><setOutdoors>false</setOutdoors><setIndoors>false</setIndoors><readyForHarvest>false</readyForHarvest><showNextIndex>false</showNextIndex><flipped>false</flipped><hasBeenPickedUpByFarmer>true</hasBeenPickedUpByFarmer><isRecipe>false</isRecipe><isLamp>false</isLamp><minutesUntilReady>0</minutesUntilReady><boundingBox><X>4096</X><Y>2688</Y><Width>64</Width><Height>64</Height><Location><X>4096</X><Y>2688</Y></Location><Size><X>64</X><Y>64</Y></Size></boundingBox><scale><X>0</X><Y>0</Y></scale><uses>0</uses><preservedParentSheetIndex>0</preservedParentSheetIndex><destroyOvernight>false</destroyOvernight><furniture_type>8</furniture_type><rotations>4</rotations><currentRotation>0</currentRotation><sourceRect><X>0</X><Y>0</Y><Width>16</Width><Height>16</Height><Location><X>0</X><Y>0</Y></Location><Size><X>16</X><Y>16</Y></Size></sourceRect><defaultSourceRect><X>0</X><Y>0</Y><Width>16</Width><Height>16</Height><Location><X>0</X><Y>0</Y></Location><Size><X>16</X><Y>16</Y></Size></defaultSourceRect><defaultBoundingBox><X>0</X><Y>0</Y><Width>0</Width><Height>0</Height><Location><X>0</X><Y>0</Y></Location><Size><X>0</X><Y>0</Y></Size></defaultBoundingBox><drawHeldObjectLow>false</drawHeldObjectLow><NetSourcePack><string>nanz.DGASprinklers</string></NetSourcePack><NetId><string>QualityLineSprinkler</string></NetId><lightGlowPositionList /></Furniture>"},{"Key":"/1/1/1/0/17/2","Value":"<Furniture xsi:type=\"Mods_DGABasicFurniture\" xmlns:xsi=\"http://www.w3.org/2001/XMLSchema-instance\"><isLostItem>false</isLostItem><category>0</category><hasBeenInInventory>true</hasBeenInInventory><name>nanz.DGASprinklers/QualityLineSprinkler</name><specialItem>false</specialItem><SpecialVariable>0</SpecialVariable><DisplayName>Quality Line Sprinkler</DisplayName><Name>nanz.DGASprinklers/QualityLineSprinkler</Name><Stack>1</Stack><tileLocation><X>64</X><Y>41</Y></tileLocation><owner>5667113194546688878</owner><canBeSetDown>false</canBeSetDown><canBeGrabbed>true</canBeGrabbed><isHoedirt>false</isHoedirt><isSpawnedObject>false</isSpawnedObject><questItem>false</questItem><questId>0</questId><isOn>false</isOn><fragility>0</fragility><price>0</price><edibility>-300</edibility><stack>1</stack><quality>0</quality><bigCraftable>false</bigCraftable><setOutdoors>false</setOutdoors><setIndoors>false</setIndoors><readyForHarvest>false</readyForHarvest><showNextIndex>false</showNextIndex><flipped>false</flipped><hasBeenPickedUpByFarmer>true</hasBeenPickedUpByFarmer><isRecipe>false</isRecipe><isLamp>false</isLamp><minutesUntilReady>0</minutesUntilReady><boundingBox><X>4096</X><Y>2624</Y><Width>64</Width><Height>64</Height><Location><X>4096</X><Y>2624</Y></Location><Size><X>64</X><Y>64</Y></Size></boundingBox><scale><X>0</X><Y>0</Y></scale><uses>0</uses><preservedParentSheetIndex>0</preservedParentSheetIndex><destroyOvernight>false</destroyOvernight><furniture_type>8</furniture_type><rotations>4</rotations><currentRotation>0</currentRotation><sourceRect><X>0</X><Y>0</Y><Width>16</Width><Height>16</Height><Location><X>0</X><Y>0</Y></Location><Size><X>16</X><Y>16</Y></Size></sourceRect><defaultSourceRect><X>0</X><Y>0</Y><Width>16</Width><Height>16</Height><Location><X>0</X><Y>0</Y></Location><Size><X>16</X><Y>16</Y></Size></defaultSourceRect><defaultBoundingBox><X>0</X><Y>0</Y><Width>0</Width><Height>0</Height><Location><X>0</X><Y>0</Y></Location><Size><X>0</X><Y>0</Y></Size></defaultBoundingBox><drawHeldObjectLow>false</drawHeldObjectLow><NetSourcePack><string>nanz.DGASprinklers</string></NetSourcePack><NetId><string>QualityLineSprinkler</string></NetId><lightGlowPositionList /></Furniture>"},{"Key":"/1/1/1/0/17/1","Value":"<Furniture xsi:type=\"Mods_DGABasicFurniture\" xmlns:xsi=\"http://www.w3.org/2001/XMLSchema-instance\"><isLostItem>false</isLostItem><category>0</category><hasBeenInInventory>true</hasBeenInInventory><name>nanz.DGASprinklers/QualityLineSprinkler</name><specialItem>false</specialItem><SpecialVariable>0</SpecialVariable><DisplayName>Quality Line Sprinkler</DisplayName><Name>nanz.DGASprinklers/QualityLineSprinkler</Name><Stack>1</Stack><tileLocation><X>64</X><Y>40</Y></tileLocation><owner>5667113194546688878</owner><canBeSetDown>false</canBeSetDown><canBeGrabbed>true</canBeGrabbed><isHoedirt>false</isHoedirt><isSpawnedObject>false</isSpawnedObject><questItem>false</questItem><questId>0</questId><isOn>false</isOn><fragility>0</fragility><price>0</price><edibility>-300</edibility><stack>1</stack><quality>0</quality><bigCraftable>false</bigCraftable><setOutdoors>false</setOutdoors><setIndoors>false</setIndoors><readyForHarvest>false</readyForHarvest><showNextIndex>false</showNextIndex><flipped>false</flipped><hasBeenPickedUpByFarmer>true</hasBeenPickedUpByFarmer><isRecipe>false</isRecipe><isLamp>false</isLamp><minutesUntilReady>0</minutesUntilReady><boundingBox><X>4096</X><Y>2560</Y><Width>64</Width><Height>64</Height><Location><X>4096</X><Y>2560</Y></Location><Size><X>64</X><Y>64</Y></Size></boundingBox><scale><X>0</X><Y>0</Y></scale><uses>0</uses><preservedParentSheetIndex>0</preservedParentSheetIndex><destroyOvernight>false</destroyOvernight><furniture_type>8</furniture_type><rotations>4</rotations><currentRotation>0</currentRotation><sourceRect><X>0</X><Y>0</Y><Width>16</Width><Height>16</Height><Location><X>0</X><Y>0</Y></Location><Size><X>16</X><Y>16</Y></Size></sourceRect><defaultSourceRect><X>0</X><Y>0</Y><Width>16</Width><Height>16</Height><Location><X>0</X><Y>0</Y></Location><Size><X>16</X><Y>16</Y></Size></defaultSourceRect><defaultBoundingBox><X>0</X><Y>0</Y><Width>0</Width><Height>0</Height><Location><X>0</X><Y>0</Y></Location><Size><X>0</X><Y>0</Y></Size></defaultBoundingBox><drawHeldObjectLow>false</drawHeldObjectLow><NetSourcePack><string>nanz.DGASprinklers</string></NetSourcePack><NetId><string>QualityLineSprinkler</string></NetId><lightGlowPositionList /></Furniture>"}]